ward,n_nodes,n_shelter,n_snapped,snap_med_m,cover_normal,tmed_normal,t90_normal,cover_quake,tmed_quake,t90_quake,worsen_pct
世田谷区,54609,93,93,33.43283484456332,100.0,13.579999999999997,25.55860000000002,100.0,14.221000000000002,27.701400000000007,4.720176730486059
中央区,10751,23,23,38.51362208771434,100.0,11.25,29.106,100.0,11.471,29.556999999999988,1.9644444444444353
中野区,13256,45,45,34.15223821649943,100.0,9.818999999999999,16.246499999999997,100.0,10.115999999999998,17.313999999999993,3.0247479376718456
北区,17643,57,57,33.82480317817615,100.0,9.734,18.1448,100.0,10.091,19.44260000000001,3.6675570166426974
千代田区,7559,14,14,32.985356648114646,100.0,16.266000000000002,58.503400000000006,100.0,17.314999999999998,58.51020000000001,6.449034796508024
台東区,10318,45,45,28.700481764260232,100.0,7.177999999999999,15.203999999999995,100.0,7.594,15.791300000000001,5.79548620785737
品川区,17893,51,51,33.414404756856975,100.0,8.896999999999998,19.758799999999997,100.0,9.168999999999993,20.71620000000001,3.057210295605195
墨田区,12331,37,37,34.56930382969423,100.0,9.539,17.456999999999994,100.0,10.053000000000003,19.277,5.388405493238313
大田区,37927,87,87,32.37485224396691,100.0,9.972999999999999,18.844000000000005,100.0,10.263,20.124800000000004,2.907851198235245
文京区,8689,33,33,33.96436830148248,100.0,11.073,24.3784,100.0,11.536999999999999,25.962999999999997,4.190372979319057
新宿区,14477,51,51,39.30313738706227,100.0,10.919000000000002,17.862,100.0,11.173999999999998,19.388199999999998,2.3353786976828994
杉並区,30117,66,66,33.987732099894444,100.0,11.38,19.83,100.0,11.86,21.62,4.217926186291732
板橋区,28404,76,76,29.944536407663705,100.0,11.399000000000001,22.778700000000004,100.0,11.7425,24.258399999999998,3.0134222300201685
江戸川区,50133,106,106,34.44279539827099,100.0,11.116,21.720999999999997,100.0,11.59,23.057000000000002,4.264123785534357
江東区,30339,193,193,34.41653374175324,100.0,4.359,16.695999999999998,100.0,4.445,17.358400000000003,1.972929571002524
渋谷区,11169,31,31,35.02239487381181,100.0,12.492,32.35100000000001,100.0,12.906999999999998,34.2584,3.3221261607428554
港区,13016,58,58,37.99331769903739,100.0,10.078,19.9865,100.0,10.3805,20.712999999999997,3.0015876165905953
目黒区,12633,38,38,28.301799646687314,100.0,10.153999999999998,18.634000000000018,100.0,10.486999999999998,19.913999999999994,3.2794957652156898
練馬区,43399,163,163,32.21934504183831,100.0,9.538000000000002,15.915999999999995,100.0,9.821999999999997,17.108200000000004,2.977563430488517
荒川区,9432,37,37,24.34301880769077,100.0,8.0105,13.872699999999998,100.0,8.383,14.992799999999999,4.650146682479228
葛飾区,39594,77,77,33.031152253558865,100.0,10.457,20.01700000000001,100.0,10.954999999999998,20.936700000000005,4.762360141531974
豊島区,12419,35,35,30.494702467957335,100.0,9.923999999999998,18.3356,100.0,10.236999999999998,20.668800000000015,3.153970173317222
足立区,47486,122,122,33.8881607430224,100.0,10.255500000000001,17.787499999999998,100.0,10.654,19.005999999999997,3.8857198576373486
